CREATE DATABASE  IF NOT EXISTS `finalyearproject` /*!40100 DEFAULT CHARACTER SET utf8mb4 COLLATE utf8mb4_0900_ai_ci */ /*!80016 DEFAULT ENCRYPTION='N' */;
USE `finalyearproject`;
-- MySQL dump 10.13  Distrib 8.0.16, for Win64 (x86_64)
--
-- Host: localhost    Database: finalyearproject
-- ------------------------------------------------------
-- Server version	8.0.16

/*!40101 SET @OLD_CHARACTER_SET_CLIENT=@@CHARACTER_SET_CLIENT */;
/*!40101 SET @OLD_CHARACTER_SET_RESULTS=@@CHARACTER_SET_RESULTS */;
/*!40101 SET @OLD_COLLATION_CONNECTION=@@COLLATION_CONNECTION */;
 SET NAMES utf8 ;
/*!40103 SET @OLD_TIME_ZONE=@@TIME_ZONE */;
/*!40103 SET TIME_ZONE='+00:00' */;
/*!40014 SET @OLD_UNIQUE_CHECKS=@@UNIQUE_CHECKS, UNIQUE_CHECKS=0 */;
/*!40014 SET @OLD_FOREIGN_KEY_CHECKS=@@FOREIGN_KEY_CHECKS, FOREIGN_KEY_CHECKS=0 */;
/*!40101 SET @OLD_SQL_MODE=@@SQL_MODE, SQL_MODE='NO_AUTO_VALUE_ON_ZERO' */;
/*!40111 SET @OLD_SQL_NOTES=@@SQL_NOTES, SQL_NOTES=0 */;

--
-- Table structure for table `attainment_co`
--

DROP TABLE IF EXISTS `attainment_co`;
/*!40101 SET @saved_cs_client     = @@character_set_client */;
 SET character_set_client = utf8mb4 ;
CREATE TABLE `attainment_co` (
  `attainCoID` int(11) NOT NULL AUTO_INCREMENT,
  `weighMarks` float NOT NULL,
  `attainmentCo` float NOT NULL,
  `enrollmentno` varchar(12) NOT NULL,
  `subjectID` int(11) NOT NULL,
  `coID` int(11) NOT NULL,
  PRIMARY KEY (`attainCoID`),
  KEY `enrollmentno` (`enrollmentno`),
  KEY `subjectID` (`subjectID`),
  KEY `coID` (`coID`),
  CONSTRAINT `attainment_co_ibfk_1` FOREIGN KEY (`enrollmentno`) REFERENCES `student_master` (`enrollmentno`),
  CONSTRAINT `attainment_co_ibfk_2` FOREIGN KEY (`subjectID`) REFERENCES `subject_master` (`subjectID`),
  CONSTRAINT `attainment_co_ibfk_3` FOREIGN KEY (`coID`) REFERENCES `co_master` (`coID`)
) ENGINE=InnoDB DEFAULT CHARSET=utf8mb4 COLLATE=utf8mb4_0900_ai_ci;
/*!40101 SET character_set_client = @saved_cs_client */;

--
-- Dumping data for table `attainment_co`
--

LOCK TABLES `attainment_co` WRITE;
/*!40000 ALTER TABLE `attainment_co` DISABLE KEYS */;
/*!40000 ALTER TABLE `attainment_co` ENABLE KEYS */;
UNLOCK TABLES;

--
-- Table structure for table `attainment_overall`
--

DROP TABLE IF EXISTS `attainment_overall`;
/*!40101 SET @saved_cs_client     = @@character_set_client */;
 SET character_set_client = utf8mb4 ;
CREATE TABLE `attainment_overall` (
  `attainOverallID` int(11) NOT NULL AUTO_INCREMENT,
  `attainmentOverall` float NOT NULL,
  `enrollmentno` varchar(12) NOT NULL,
  `subjectID` int(11) NOT NULL,
  PRIMARY KEY (`attainOverallID`),
  KEY `enrollmentno` (`enrollmentno`),
  KEY `subjectID` (`subjectID`),
  CONSTRAINT `attainment_overall_ibfk_1` FOREIGN KEY (`enrollmentno`) REFERENCES `student_master` (`enrollmentno`),
  CONSTRAINT `attainment_overall_ibfk_2` FOREIGN KEY (`subjectID`) REFERENCES `subject_master` (`subjectID`)
) ENGINE=InnoDB DEFAULT CHARSET=utf8mb4 COLLATE=utf8mb4_0900_ai_ci;
/*!40101 SET character_set_client = @saved_cs_client */;

--
-- Dumping data for table `attainment_overall`
--

LOCK TABLES `attainment_overall` WRITE;
/*!40000 ALTER TABLE `attainment_overall` DISABLE KEYS */;
/*!40000 ALTER TABLE `attainment_overall` ENABLE KEYS */;
UNLOCK TABLES;

--
-- Table structure for table `co_master`
--

DROP TABLE IF EXISTS `co_master`;
/*!40101 SET @saved_cs_client     = @@character_set_client */;
 SET character_set_client = utf8mb4 ;
CREATE TABLE `co_master` (
  `coID` int(11) NOT NULL AUTO_INCREMENT,
  `coSrNo` int(2) NOT NULL DEFAULT '0',
  `coStatement` varchar(512) NOT NULL,
  `subjectID` int(11) NOT NULL,
  `facultyID` int(11) NOT NULL,
  PRIMARY KEY (`coID`),
  KEY `subjectID` (`subjectID`),
  KEY `co_master_ibfk_2_idx` (`facultyID`),
  CONSTRAINT `co_master_ibfk_1` FOREIGN KEY (`subjectID`) REFERENCES `subject_master` (`subjectID`),
  CONSTRAINT `co_master_ibfk_2` FOREIGN KEY (`facultyID`) REFERENCES `faculty_master` (`facultyID`)
) ENGINE=InnoDB AUTO_INCREMENT=17 DEFAULT CHARSET=utf8mb4 COLLATE=utf8mb4_0900_ai_ci;
/*!40101 SET character_set_client = @saved_cs_client */;

--
-- Dumping data for table `co_master`
--

LOCK TABLES `co_master` WRITE;
/*!40000 ALTER TABLE `co_master` DISABLE KEYS */;
INSERT INTO `co_master` VALUES (12,1,'CO1',1,1),(13,2,'CO2',1,1),(14,3,'CO3',1,1),(15,4,'CO4',1,1),(16,5,'CO5',1,1);
/*!40000 ALTER TABLE `co_master` ENABLE KEYS */;
UNLOCK TABLES;

--
-- Table structure for table `exam_master`
--

DROP TABLE IF EXISTS `exam_master`;
/*!40101 SET @saved_cs_client     = @@character_set_client */;
 SET character_set_client = utf8mb4 ;
CREATE TABLE `exam_master` (
  `examID` int(11) NOT NULL AUTO_INCREMENT,
  `examName` varchar(128) NOT NULL DEFAULT 'Exam',
  `examDate` date DEFAULT NULL,
  `batch` int(11) NOT NULL,
  `maxMarks` float NOT NULL,
  `nMaxMarks` float NOT NULL,
  `maxWeighMarks` float unsigned NOT NULL,
  `subjectID` int(11) NOT NULL,
  `examTypeID` int(11) NOT NULL,
  `facultyID` int(11) NOT NULL,
  PRIMARY KEY (`examID`),
  KEY `subjectID` (`subjectID`),
  KEY `examTypeID` (`examTypeID`),
  KEY `exam_master_ibfk_3_idx` (`facultyID`),
  CONSTRAINT `exam_master_ibfk_1` FOREIGN KEY (`subjectID`) REFERENCES `subject_master` (`subjectID`),
  CONSTRAINT `exam_master_ibfk_2` FOREIGN KEY (`examTypeID`) REFERENCES `examtype_master` (`examTypeID`),
  CONSTRAINT `exam_master_ibfk_3` FOREIGN KEY (`facultyID`) REFERENCES `faculty_master` (`facultyID`)
) ENGINE=InnoDB AUTO_INCREMENT=19 DEFAULT CHARSET=utf8mb4 COLLATE=utf8mb4_0900_ai_ci;
/*!40101 SET character_set_client = @saved_cs_client */;

--
-- Dumping data for table `exam_master`
--

LOCK TABLES `exam_master` WRITE;
/*!40000 ALTER TABLE `exam_master` DISABLE KEYS */;
INSERT INTO `exam_master` VALUES (12,'MSE',NULL,2017,30,10,10,1,2,1),(13,'ESE',NULL,2017,100,70,67.5,1,1,1),(14,'Practical',NULL,2017,100,30,30,1,4,1),(15,'ClassTest',NULL,2017,20,20,22.5,1,3,1),(16,'MSE ClassTest',NULL,2017,15,15,15,1,2,1),(17,'Assignment1',NULL,2017,10,10,10,1,2,1),(18,'ESE',NULL,2017,70,70,67.5,1,1,1);
/*!40000 ALTER TABLE `exam_master` ENABLE KEYS */;
UNLOCK TABLES;

--
-- Table structure for table `examtype_master`
--

DROP TABLE IF EXISTS `examtype_master`;
/*!40101 SET @saved_cs_client     = @@character_set_client */;
 SET character_set_client = utf8mb4 ;
CREATE TABLE `examtype_master` (
  `examTypeID` int(11) NOT NULL AUTO_INCREMENT,
  `typeDescription` varchar(128) NOT NULL,
  `weightage` float NOT NULL,
  `subjectID` int(11) NOT NULL,
  `componentTotal` int(3) NOT NULL,
  PRIMARY KEY (`examTypeID`),
  KEY `subjectID` (`subjectID`),
  CONSTRAINT `examtype_master_ibfk_1` FOREIGN KEY (`subjectID`) REFERENCES `subject_master` (`subjectID`)
) ENGINE=InnoDB AUTO_INCREMENT=5 DEFAULT CHARSET=utf8mb4 COLLATE=utf8mb4_0900_ai_ci;
/*!40101 SET character_set_client = @saved_cs_client */;

--
-- Dumping data for table `examtype_master`
--

LOCK TABLES `examtype_master` WRITE;
/*!40000 ALTER TABLE `examtype_master` DISABLE KEYS */;
INSERT INTO `examtype_master` VALUES (1,'ESE',0.45,1,70),(2,'PA(M)',0.2,1,30),(3,'PA(I)',0.15,1,20),(4,'ESE(V)-PR',0.2,1,30);
/*!40000 ALTER TABLE `examtype_master` ENABLE KEYS */;
UNLOCK TABLES;

--
-- Table structure for table `faculty_master`
--

DROP TABLE IF EXISTS `faculty_master`;
/*!40101 SET @saved_cs_client     = @@character_set_client */;
 SET character_set_client = utf8mb4 ;
CREATE TABLE `faculty_master` (
  `facultyID` int(11) NOT NULL AUTO_INCREMENT,
  `facultyName` varchar(25) NOT NULL,
  `facultyEmail` varchar(50) NOT NULL,
  `facultyPassword` varchar(256) NOT NULL,
  `facultyDepartment` varchar(25) NOT NULL,
  PRIMARY KEY (`facultyID`),
  UNIQUE KEY `facultyEmail_UNIQUE` (`facultyEmail`)
) ENGINE=InnoDB AUTO_INCREMENT=2 DEFAULT CHARSET=utf8mb4 COLLATE=utf8mb4_0900_ai_ci;
/*!40101 SET character_set_client = @saved_cs_client */;

--
-- Dumping data for table `faculty_master`
--

LOCK TABLES `faculty_master` WRITE;
/*!40000 ALTER TABLE `faculty_master` DISABLE KEYS */;
INSERT INTO `faculty_master` VALUES (1,'SJM','sjm@gmail.com','SJM','Information Technology');
/*!40000 ALTER TABLE `faculty_master` ENABLE KEYS */;
UNLOCK TABLES;

--
-- Table structure for table `marks_obtained_master`
--

DROP TABLE IF EXISTS `marks_obtained_master`;
/*!40101 SET @saved_cs_client     = @@character_set_client */;
 SET character_set_client = utf8mb4 ;
CREATE TABLE `marks_obtained_master` (
  `marksID` int(11) NOT NULL AUTO_INCREMENT,
  `obtainedMarks` int(11) NOT NULL,
  `nObtainedMarks` float NOT NULL DEFAULT '0',
  `obtainedWeighMarks` float NOT NULL,
  `questionID` int(11) NOT NULL,
  `enrollmentno` varchar(12) NOT NULL,
  PRIMARY KEY (`marksID`),
  KEY `questionID` (`questionID`),
  KEY `enrollmentno` (`enrollmentno`),
  CONSTRAINT `marks_obtained_master_ibfk_1` FOREIGN KEY (`questionID`) REFERENCES `question_master` (`questionID`),
  CONSTRAINT `marks_obtained_master_ibfk_2` FOREIGN KEY (`enrollmentno`) REFERENCES `student_master` (`enrollmentno`)
) ENGINE=InnoDB AUTO_INCREMENT=616 DEFAULT CHARSET=utf8mb4 COLLATE=utf8mb4_0900_ai_ci;
/*!40101 SET character_set_client = @saved_cs_client */;

--
-- Dumping data for table `marks_obtained_master`
--

LOCK TABLES `marks_obtained_master` WRITE;
/*!40000 ALTER TABLE `marks_obtained_master` DISABLE KEYS */;
INSERT INTO `marks_obtained_master` VALUES (256,5,1.5,1.5,11212,'170170116001'),(257,6,1.8,1.8,11213,'170170116001'),(258,7,2.1,2.1,11214,'170170116001'),(259,5,1.5,1.5,11215,'170170116001'),(260,6,1.8,1.8,11216,'170170116001'),(261,7,2.1,2.1,11217,'170170116001'),(262,7,2.1,2.1,11218,'170170116001'),(263,6,1.8,1.8,11219,'170170116001'),(264,5,1.5,1.5,11220,'170170116001'),(265,3,0.9,0.9,11221,'170170116001'),(266,3,0.9,0.9,11222,'170170116001'),(267,6,1.8,1.8,11212,'170170116002'),(268,7,2.1,2.1,11213,'170170116002'),(269,8,2.4,2.4,11214,'170170116002'),(270,8,2.4,2.4,11215,'170170116002'),(271,7,2.1,2.1,11216,'170170116002'),(272,6,1.8,1.8,11217,'170170116002'),(273,6,1.8,1.8,11218,'170170116002'),(274,7,2.1,2.1,11219,'170170116002'),(275,8,2.4,2.4,11220,'170170116002'),(276,4,1.05,1.05,11221,'170170116002'),(277,4,1.05,1.05,11222,'170170116002'),(278,7,2.1,2.1,11212,'170170116003'),(279,6,1.8,1.8,11213,'170170116003'),(280,8,2.4,2.4,11214,'170170116003'),(281,6,1.8,1.8,11215,'170170116003'),(282,7,2.1,2.1,11216,'170170116003'),(283,8,2.4,2.4,11217,'170170116003'),(284,7,2.1,2.1,11218,'170170116003'),(285,7,2.1,2.1,11219,'170170116003'),(286,7,2.1,2.1,11220,'170170116003'),(287,4,1.05,1.05,11221,'170170116003'),(288,4,1.05,1.05,11222,'170170116003'),(289,6,1.8,1.8,11212,'170170116004'),(290,6,1.8,1.8,11213,'170170116004'),(291,7,2.1,2.1,11214,'170170116004'),(292,7,2.1,2.1,11215,'170170116004'),(293,8,2.4,2.4,11216,'170170116004'),(294,8,2.4,2.4,11217,'170170116004'),(295,6,1.8,1.8,11218,'170170116004'),(296,7,2.1,2.1,11219,'170170116004'),(297,8,2.4,2.4,11220,'170170116004'),(298,4,1.05,1.05,11221,'170170116004'),(299,4,1.05,1.05,11222,'170170116004'),(300,6,1.8,1.8,11212,'170170116005'),(301,5,1.5,1.5,11213,'170170116005'),(302,7,2.1,2.1,11214,'170170116005'),(303,7,2.1,2.1,11215,'170170116005'),(304,6,1.8,1.8,11216,'170170116005'),(305,5,1.5,1.5,11217,'170170116005'),(306,6,1.8,1.8,11218,'170170116005'),(307,6,1.8,1.8,11219,'170170116005'),(308,7,2.1,2.1,11220,'170170116005'),(309,3,0.75,0.75,11221,'170170116005'),(310,3,0.75,0.75,11222,'170170116005'),(311,6,1.8,1.8,11212,'170170116007'),(312,5,1.5,1.5,11213,'170170116007'),(313,7,2.1,2.1,11214,'170170116007'),(314,5,1.5,1.5,11215,'170170116007'),(315,6,1.8,1.8,11216,'170170116007'),(316,7,2.1,2.1,11217,'170170116007'),(317,7,2.1,2.1,11218,'170170116007'),(318,7,2.1,2.1,11219,'170170116007'),(319,5,1.5,1.5,11220,'170170116007'),(320,3,0.75,0.75,11221,'170170116007'),(321,3,0.75,0.75,11222,'170170116007'),(322,8,2.4,2.4,11212,'170170116008'),(323,9,2.7,2.7,11213,'170170116008'),(324,10,3,3,11214,'170170116008'),(325,9,2.7,2.7,11215,'170170116008'),(326,9,2.7,2.7,11216,'170170116008'),(327,9,2.7,2.7,11217,'170170116008'),(328,8,2.4,2.4,11218,'170170116008'),(329,8,2.4,2.4,11219,'170170116008'),(330,10,3,3,11220,'170170116008'),(331,5,1.5,1.5,11221,'170170116008'),(332,5,1.5,1.5,11222,'170170116008'),(333,8,2.4,2.4,11212,'170170116009'),(334,8,2.4,2.4,11213,'170170116009'),(335,9,2.7,2.7,11214,'170170116009'),(336,9,2.7,2.7,11215,'170170116009'),(337,7,2.1,2.1,11216,'170170116009'),(338,7,2.1,2.1,11217,'170170116009'),(339,6,1.8,1.8,11218,'170170116009'),(340,6,1.8,1.8,11219,'170170116009'),(341,10,3,3,11220,'170170116009'),(342,5,1.5,1.5,11221,'170170116009'),(343,5,1.5,1.5,11222,'170170116009'),(344,8,2.4,2.4,11212,'170170116010'),(345,9,2.7,2.7,11213,'170170116010'),(346,9,2.7,2.7,11214,'170170116010'),(347,8,2.4,2.4,11215,'170170116010'),(348,7,2.1,2.1,11216,'170170116010'),(349,7,2.1,2.1,11217,'170170116010'),(350,6,1.8,1.8,11218,'170170116010'),(351,10,3,3,11219,'170170116010'),(352,7,2.1,2.1,11220,'170170116010'),(353,5,1.35,1.35,11221,'170170116010'),(354,5,1.35,1.35,11222,'170170116010'),(355,7,2.1,2.1,11212,'170170116011'),(356,8,2.4,2.4,11213,'170170116011'),(357,9,2.7,2.7,11214,'170170116011'),(358,10,3,3,11215,'170170116011'),(359,9,2.7,2.7,11216,'170170116011'),(360,9,2.7,2.7,11217,'170170116011'),(361,10,3,3,11218,'170170116011'),(362,10,3,3,11219,'170170116011'),(363,9,2.7,2.7,11220,'170170116011'),(364,5,1.35,1.35,11221,'170170116011'),(365,5,1.35,1.35,11222,'170170116011'),(366,5,1.5,1.5,11212,'170170116001'),(367,6,1.8,1.8,11213,'170170116001'),(368,7,2.1,2.1,11214,'170170116001'),(369,5,1.5,1.5,11215,'170170116001'),(370,6,1.8,1.8,11216,'170170116001'),(371,7,2.1,2.1,11217,'170170116001'),(372,7,2.1,2.1,11218,'170170116001'),(373,6,1.8,1.8,11219,'170170116001'),(374,5,1.5,1.5,11220,'170170116001'),(375,3,0.9,0.9,11221,'170170116001'),(376,3,0.9,0.9,11222,'170170116001'),(377,6,1.8,1.8,11212,'170170116002'),(378,7,2.1,2.1,11213,'170170116002'),(379,8,2.4,2.4,11214,'170170116002'),(380,8,2.4,2.4,11215,'170170116002'),(381,7,2.1,2.1,11216,'170170116002'),(382,6,1.8,1.8,11217,'170170116002'),(383,6,1.8,1.8,11218,'170170116002'),(384,7,2.1,2.1,11219,'170170116002'),(385,8,2.4,2.4,11220,'170170116002'),(386,4,1.05,1.05,11221,'170170116002'),(387,4,1.05,1.05,11222,'170170116002'),(388,7,2.1,2.1,11212,'170170116003'),(389,6,1.8,1.8,11213,'170170116003'),(390,8,2.4,2.4,11214,'170170116003'),(391,6,1.8,1.8,11215,'170170116003'),(392,7,2.1,2.1,11216,'170170116003'),(393,8,2.4,2.4,11217,'170170116003'),(394,7,2.1,2.1,11218,'170170116003'),(395,7,2.1,2.1,11219,'170170116003'),(396,7,2.1,2.1,11220,'170170116003'),(397,4,1.05,1.05,11221,'170170116003'),(398,4,1.05,1.05,11222,'170170116003'),(399,6,1.8,1.8,11212,'170170116004'),(400,6,1.8,1.8,11213,'170170116004'),(401,7,2.1,2.1,11214,'170170116004'),(402,7,2.1,2.1,11215,'170170116004'),(403,8,2.4,2.4,11216,'170170116004'),(404,8,2.4,2.4,11217,'170170116004'),(405,6,1.8,1.8,11218,'170170116004'),(406,7,2.1,2.1,11219,'170170116004'),(407,8,2.4,2.4,11220,'170170116004'),(408,4,1.05,1.05,11221,'170170116004'),(409,4,1.05,1.05,11222,'170170116004'),(410,6,1.8,1.8,11212,'170170116005'),(411,5,1.5,1.5,11213,'170170116005'),(412,7,2.1,2.1,11214,'170170116005'),(413,7,2.1,2.1,11215,'170170116005'),(414,6,1.8,1.8,11216,'170170116005'),(415,5,1.5,1.5,11217,'170170116005'),(416,6,1.8,1.8,11218,'170170116005'),(417,6,1.8,1.8,11219,'170170116005'),(418,7,2.1,2.1,11220,'170170116005'),(419,3,0.75,0.75,11221,'170170116005'),(420,3,0.75,0.75,11222,'170170116005'),(421,6,1.8,1.8,11212,'170170116007'),(422,5,1.5,1.5,11213,'170170116007'),(423,7,2.1,2.1,11214,'170170116007'),(424,5,1.5,1.5,11215,'170170116007'),(425,6,1.8,1.8,11216,'170170116007'),(426,7,2.1,2.1,11217,'170170116007'),(427,7,2.1,2.1,11218,'170170116007'),(428,7,2.1,2.1,11219,'170170116007'),(429,5,1.5,1.5,11220,'170170116007'),(430,3,0.75,0.75,11221,'170170116007'),(431,3,0.75,0.75,11222,'170170116007'),(432,8,2.4,2.4,11212,'170170116008'),(433,9,2.7,2.7,11213,'170170116008'),(434,10,3,3,11214,'170170116008'),(435,9,2.7,2.7,11215,'170170116008'),(436,9,2.7,2.7,11216,'170170116008'),(437,9,2.7,2.7,11217,'170170116008'),(438,8,2.4,2.4,11218,'170170116008'),(439,8,2.4,2.4,11219,'170170116008'),(440,10,3,3,11220,'170170116008'),(441,5,1.5,1.5,11221,'170170116008'),(442,5,1.5,1.5,11222,'170170116008'),(443,8,2.4,2.4,11212,'170170116009'),(444,8,2.4,2.4,11213,'170170116009'),(445,9,2.7,2.7,11214,'170170116009'),(446,9,2.7,2.7,11215,'170170116009'),(447,7,2.1,2.1,11216,'170170116009'),(448,7,2.1,2.1,11217,'170170116009'),(449,6,1.8,1.8,11218,'170170116009'),(450,6,1.8,1.8,11219,'170170116009'),(451,10,3,3,11220,'170170116009'),(452,5,1.5,1.5,11221,'170170116009'),(453,5,1.5,1.5,11222,'170170116009'),(454,8,2.4,2.4,11212,'170170116010'),(455,9,2.7,2.7,11213,'170170116010'),(456,9,2.7,2.7,11214,'170170116010'),(457,8,2.4,2.4,11215,'170170116010'),(458,7,2.1,2.1,11216,'170170116010'),(459,7,2.1,2.1,11217,'170170116010'),(460,6,1.8,1.8,11218,'170170116010'),(461,10,3,3,11219,'170170116010'),(462,7,2.1,2.1,11220,'170170116010'),(463,5,1.35,1.35,11221,'170170116010'),(464,5,1.35,1.35,11222,'170170116010'),(465,7,2.1,2.1,11212,'170170116011'),(466,8,2.4,2.4,11213,'170170116011'),(467,9,2.7,2.7,11214,'170170116011'),(468,10,3,3,11215,'170170116011'),(469,9,2.7,2.7,11216,'170170116011'),(470,9,2.7,2.7,11217,'170170116011'),(471,10,3,3,11218,'170170116011'),(472,10,3,3,11219,'170170116011'),(473,9,2.7,2.7,11220,'170170116011'),(474,5,1.35,1.35,11221,'170170116011'),(475,5,1.35,1.35,11222,'170170116011'),(476,0,0,0,11223,'170170116001'),(477,3,3,3.375,11224,'170170116001'),(478,4,4,4.5,11225,'170170116001'),(479,2,2,2.25,11223,'170170116002'),(480,2,2,2.25,11224,'170170116002'),(481,6,6,6.75,11225,'170170116002'),(482,2,2,2.25,11223,'170170116003'),(483,1,1,1.125,11224,'170170116003'),(484,10,10,11.25,11225,'170170116003'),(485,2,2,2.25,11223,'170170116004'),(486,3,3,3.375,11224,'170170116004'),(487,5,5,5.625,11225,'170170116004'),(488,0,0,0,11223,'170170116005'),(489,2,2,2.25,11224,'170170116005'),(490,5,5,5.625,11225,'170170116005'),(491,0,0,0,11223,'170170116007'),(492,2,2,2.25,11224,'170170116007'),(493,5,5,5.625,11225,'170170116007'),(494,2,2,2.25,11223,'170170116008'),(495,3,3,3.375,11224,'170170116008'),(496,10,10,11.25,11225,'170170116008'),(497,1,1,1.125,11223,'170170116009'),(498,3,3,3.375,11224,'170170116009'),(499,6,6,6.75,11225,'170170116009'),(500,1,1,1.125,11223,'170170116010'),(501,0,0,0,11224,'170170116010'),(502,2,2,2.25,11225,'170170116010'),(503,2,2,2.25,11223,'170170116011'),(504,3,3,3.375,11224,'170170116011'),(505,3,3,3.375,11225,'170170116011'),(506,3,3,3,11226,'170170116001'),(507,2,2.25,2.25,11227,'170170116001'),(508,2,2.25,2.25,11228,'170170116001'),(509,2,2.25,2.25,11229,'170170116001'),(510,2,2.25,2.25,11226,'170170116002'),(511,2,1.5,1.5,11227,'170170116002'),(512,3,3,3,11228,'170170116002'),(513,5,4.5,4.5,11229,'170170116002'),(514,2,2.25,2.25,11226,'170170116003'),(515,2,1.5,1.5,11227,'170170116003'),(516,3,3,3,11228,'170170116003'),(517,4,3.75,3.75,11229,'170170116003'),(518,1,0.75,0.75,11226,'170170116004'),(519,1,0.75,0.75,11227,'170170116004'),(520,3,3,3,11228,'170170116004'),(521,1,0.75,0.75,11229,'170170116004'),(522,1,0.75,0.75,11226,'170170116005'),(523,1,0.75,0.75,11227,'170170116005'),(524,1,0.75,0.75,11228,'170170116005'),(525,0,0,0,11229,'170170116005'),(526,3,3,3,11226,'170170116007'),(527,3,3,3,11227,'170170116007'),(528,0,0,0,11228,'170170116007'),(529,3,3,3,11229,'170170116007'),(530,3,3,3,11226,'170170116008'),(531,2,1.5,1.5,11227,'170170116008'),(532,3,3,3,11228,'170170116008'),(533,5,5.25,5.25,11229,'170170116008'),(534,2,1.5,1.5,11226,'170170116009'),(535,1,0.75,0.75,11227,'170170116009'),(536,3,3,3,11228,'170170116009'),(537,3,3,3,11229,'170170116009'),(538,2,2.25,2.25,11226,'170170116010'),(539,2,1.5,1.5,11227,'170170116010'),(540,2,2.25,2.25,11228,'170170116010'),(541,2,2.25,2.25,11229,'170170116010'),(542,2,2.25,2.25,11226,'170170116011'),(543,2,2.25,2.25,11227,'170170116011'),(544,3,3,3,11228,'170170116011'),(545,5,5.25,5.25,11229,'170170116011'),(546,4,4,4,11230,'170170116001'),(547,4,4,4,11231,'170170116001'),(548,3,3,3,11230,'170170116002'),(549,3,3,3,11231,'170170116002'),(550,5,4.5,4.5,11230,'170170116003'),(551,5,4.5,4.5,11231,'170170116003'),(552,4,3.5,3.5,11230,'170170116004'),(553,4,3.5,3.5,11231,'170170116004'),(554,3,3,3,11230,'170170116005'),(555,3,3,3,11231,'170170116005'),(556,5,5,5,11230,'170170116007'),(557,5,5,5,11231,'170170116007'),(558,5,5,5,11230,'170170116008'),(559,5,5,5,11231,'170170116008'),(560,4,4,4,11230,'170170116009'),(561,4,4,4,11231,'170170116009'),(562,2,2,2,11230,'170170116010'),(563,2,2,2,11231,'170170116010'),(564,5,5,5,11230,'170170116011'),(565,5,5,5,11231,'170170116011'),(566,12,12,11.5714,11232,'170170116001'),(567,25,25,24.1071,11233,'170170116001'),(568,3,3,2.89286,11234,'170170116001'),(569,18,18,17.3571,11235,'170170116001'),(570,12,12,11.5714,11236,'170170116001'),(571,6,6.34286,6.11631,11232,'170170116002'),(572,13,13.2143,12.7423,11233,'170170116002'),(573,2,1.58571,1.52908,11234,'170170116002'),(574,10,9.51429,9.17447,11235,'170170116002'),(575,6,6.34286,6.11631,11236,'170170116002'),(576,10,10.2857,9.91834,11232,'170170116003'),(577,21,21.4286,20.6632,11233,'170170116003'),(578,3,2.57143,2.47959,11234,'170170116003'),(579,15,15.4286,14.8775,11235,'170170116003'),(580,10,10.2857,9.91834,11236,'170170116003'),(581,7,7.2,6.94284,11232,'170170116004'),(582,15,15,14.4643,11233,'170170116004'),(583,2,1.8,1.73572,11234,'170170116004'),(584,11,10.8,10.4143,11235,'170170116004'),(585,7,7.2,6.94284,11236,'170170116004'),(586,6,6.34286,6.11631,11232,'170170116005'),(587,13,13.2143,12.7423,11233,'170170116005'),(588,2,1.58571,1.52908,11234,'170170116005'),(589,10,9.51429,9.17447,11235,'170170116005'),(590,6,6.34286,6.11631,11236,'170170116005'),(591,10,10.2857,9.91834,11232,'170170116007'),(592,21,21.4286,20.6632,11233,'170170116007'),(593,3,2.57143,2.47959,11234,'170170116007'),(594,15,15.4286,14.8775,11235,'170170116007'),(595,10,10.2857,9.91834,11236,'170170116007'),(596,12,12,11.5714,11232,'170170116008'),(597,25,25,24.1071,11233,'170170116008'),(598,3,3,2.89286,11234,'170170116008'),(599,18,18,17.3571,11235,'170170116008'),(600,12,12,11.5714,11236,'170170116008'),(601,10,10.2857,9.91834,11232,'170170116009'),(602,21,21.4286,20.6632,11233,'170170116009'),(603,3,2.57143,2.47959,11234,'170170116009'),(604,15,15.4286,14.8775,11235,'170170116009'),(605,10,10.2857,9.91834,11236,'170170116009'),(606,6,6.34286,6.11631,11232,'170170116010'),(607,13,13.2143,12.7423,11233,'170170116010'),(608,2,1.58571,1.52908,11234,'170170116010'),(609,10,9.51429,9.17447,11235,'170170116010'),(610,6,6.34286,6.11631,11236,'170170116010'),(611,6,6.34286,6.11631,11232,'170170116011'),(612,13,13.2143,12.7423,11233,'170170116011'),(613,2,1.58571,1.52908,11234,'170170116011'),(614,10,9.51429,9.17447,11235,'170170116011'),(615,6,6.34286,6.11631,11236,'170170116011');
/*!40000 ALTER TABLE `marks_obtained_master` ENABLE KEYS */;
UNLOCK TABLES;

--
-- Table structure for table `question_master`
--

DROP TABLE IF EXISTS `question_master`;
/*!40101 SET @saved_cs_client     = @@character_set_client */;
 SET character_set_client = utf8mb4 ;
CREATE TABLE `question_master` (
  `questionID` int(11) NOT NULL AUTO_INCREMENT,
  `queDesc` varchar(128) NOT NULL,
  `queMaxMarks` float NOT NULL,
  `nQueMaxMarks` float NOT NULL,
  `queMaxWeighMarks` float NOT NULL,
  `examID` int(11) NOT NULL,
  `coID` int(11) NOT NULL,
  PRIMARY KEY (`questionID`),
  KEY `examID` (`examID`),
  KEY `coID` (`coID`),
  CONSTRAINT `question_master_ibfk_1` FOREIGN KEY (`examID`) REFERENCES `exam_master` (`examID`),
  CONSTRAINT `question_master_ibfk_2` FOREIGN KEY (`coID`) REFERENCES `co_master` (`coID`)
) ENGINE=InnoDB AUTO_INCREMENT=11237 DEFAULT CHARSET=utf8mb4 COLLATE=utf8mb4_0900_ai_ci;
/*!40101 SET character_set_client = @saved_cs_client */;

--
-- Dumping data for table `question_master`
--

LOCK TABLES `question_master` WRITE;
/*!40000 ALTER TABLE `question_master` DISABLE KEYS */;
INSERT INTO `question_master` VALUES (11212,'P1',10,3,3,14,13),(11213,'P2',10,3,3,14,13),(11214,'P3',10,3,3,14,13),(11215,'P4',10,3,3,14,13),(11216,'P5',10,3,3,14,13),(11217,'P6',10,3,3,14,13),(11218,'P7',10,3,3,14,13),(11219,'P8',10,3,3,14,13),(11220,'P9',10,3,3,14,13),(11221,'P10',5,1.5,1.5,14,15),(11222,'P11',5,1.5,1.5,14,16),(11223,'Q1',2,2,2.25,15,12),(11224,'Q2',3,3,3.375,15,13),(11225,'Q3',15,15,16.875,15,13),(11226,'Q1',3,3,3,16,13),(11227,'Q2',3,3,3,16,14),(11228,'Q3',3,3,3,16,14),(11229,'Q4',6,6,6,16,15),(11230,'Q1',5,5,5,17,13),(11231,'Q2',5,5,5,17,14),(11232,'Q1',12,12,11.5714,18,12),(11233,'Q2',25,25,24.1071,18,13),(11234,'Q3',3,3,2.89286,18,14),(11235,'Q4',18,18,17.3571,18,15),(11236,'Q5',12,12,11.5714,18,16);
/*!40000 ALTER TABLE `question_master` ENABLE KEYS */;
UNLOCK TABLES;

--
-- Table structure for table `student_master`
--

DROP TABLE IF EXISTS `student_master`;
/*!40101 SET @saved_cs_client     = @@character_set_client */;
 SET character_set_client = utf8mb4 ;
CREATE TABLE `student_master` (
  `enrollmentno` varchar(12) NOT NULL,
  `name` varchar(25) DEFAULT NULL,
  `mobile` decimal(10,0) DEFAULT NULL,
  `email` varchar(50) DEFAULT NULL,
  `batch` int(11) NOT NULL,
  PRIMARY KEY (`enrollmentno`)
) ENGINE=InnoDB DEFAULT CHARSET=utf8mb4 COLLATE=utf8mb4_0900_ai_ci;
/*!40101 SET character_set_client = @saved_cs_client */;

--
-- Dumping data for table `student_master`
--

LOCK TABLES `student_master` WRITE;
/*!40000 ALTER TABLE `student_master` DISABLE KEYS */;
INSERT INTO `student_master` VALUES ('170170116001',NULL,NULL,NULL,2017),('170170116002',NULL,NULL,NULL,2017),('170170116003',NULL,NULL,NULL,2017),('170170116004',NULL,NULL,NULL,2017),('170170116005',NULL,NULL,NULL,2017),('170170116007',NULL,NULL,NULL,2017),('170170116008',NULL,NULL,NULL,2017),('170170116009',NULL,NULL,NULL,2017),('170170116010',NULL,NULL,NULL,2017),('170170116011',NULL,NULL,NULL,2017);
/*!40000 ALTER TABLE `student_master` ENABLE KEYS */;
UNLOCK TABLES;

--
-- Table structure for table `subject_master`
--

DROP TABLE IF EXISTS `subject_master`;
/*!40101 SET @saved_cs_client     = @@character_set_client */;
 SET character_set_client = utf8mb4 ;
CREATE TABLE `subject_master` (
  `subjectID` int(11) NOT NULL AUTO_INCREMENT,
  `subjectName` varchar(50) NOT NULL,
  `subjectCode` decimal(7,0) NOT NULL,
  `semester` int(11) NOT NULL,
  PRIMARY KEY (`subjectID`),
  UNIQUE KEY `subjectCode` (`subjectCode`)
) ENGINE=InnoDB AUTO_INCREMENT=2 DEFAULT CHARSET=utf8mb4 COLLATE=utf8mb4_0900_ai_ci;
/*!40101 SET character_set_client = @saved_cs_client */;

--
-- Dumping data for table `subject_master`
--

LOCK TABLES `subject_master` WRITE;
/*!40000 ALTER TABLE `subject_master` DISABLE KEYS */;
INSERT INTO `subject_master` VALUES (1,'DBMS',2130703,3);
/*!40000 ALTER TABLE `subject_master` ENABLE KEYS */;
UNLOCK TABLES;
/*!40103 SET TIME_ZONE=@OLD_TIME_ZONE */;

/*!40101 SET SQL_MODE=@OLD_SQL_MODE */;
/*!40014 SET FOREIGN_KEY_CHECKS=@OLD_FOREIGN_KEY_CHECKS */;
/*!40014 SET UNIQUE_CHECKS=@OLD_UNIQUE_CHECKS */;
/*!40101 SET CHARACTER_SET_CLIENT=@OLD_CHARACTER_SET_CLIENT */;
/*!40101 SET CHARACTER_SET_RESULTS=@OLD_CHARACTER_SET_RESULTS */;
/*!40101 SET COLLATION_CONNECTION=@OLD_COLLATION_CONNECTION */;
/*!40111 SET SQL_NOTES=@OLD_SQL_NOTES */;

-- Dump completed on 2020-03-07 18:03:49
